Algae,mean,down,up
SSB01,0.10000000000000028,0.03368898022929135,0.2968329682863306
M. gaditana,1.4565217391304244,0.8938280868946126,2.373449221012953
N. oculata,0.8529411764705896,0.4610682716009378,1.5778761960630083
C. velia,0.4482758620689661,0.2084639931803115,0.9639614278129142
