Algae,outcome,SE,type,p,pvalue,up,down
SSB01,0.45854644678947776,0.33492108718136265,CP,NA,NA,0.6201652371704328,0.30520333004931927
SSB01,0.5799777935301222,0.10742909216142209,MIP,***,5.346687592640922e-6,0.6302392312794957,0.5280009755824256
M. gaditana,0.07398295780526885,0.528984079574495,CP,NA,NA,0.1838843454401614,0.02754864593231245
M. gaditana,0.11835508272562476,0.3911411623139949,MIP,,0.18458189521912777,0.22418135779346943,0.05870471825278467
N. oculata,0.15107470420082675,0.5294240657719657,CP,NA,NA,0.3343611458895777,0.05930820387157229
N. oculata,0.1930988842274282,0.2118465623242581,MIP,,0.1620612822932934,0.2660455461853921,0.13643533937891258
C. velia,0.4786661600348549,0.6913652759769955,CP,NA,NA,0.7806894605390434,0.1914736385171878
C. velia,0.48586038678049426,0.3701297543324792,MIP,,0.937949385860883,0.6612525021750058,0.3138830014278712
