Algae,outcome,SE,type,p,pvalue,up,down
SSB01,0.09999998895306916,0.4714069027026388,control,NA,NA,0.2186984793498474,0.042241915861082016
SSB01,0.45238182051349746,0.5642139618418138,LPS,***,3.7698069441389494e-4,0.7139829448307818,0.21468533314540478
