Algae,mean,down,up
SSB01,0.1250000521654662,0.05260830811670764,0.26874863213679834
M. gaditana,0.7391304023264221,0.593344086923116,0.846199695298155
N. oculata,0.7352951547887955,0.5630000595707944,0.8569231664670025
C. velia,0.2758616517830852,0.1435327642295805,0.46408365809327384
