Algae,outcome,SE,type,p,pvalue,up,down
SSB01,0.47514113127450525,0.6102174121838452,control,NA,NA,0.7496053512057114,0.21491596791394757
SSB01,0.11912427056624025,0.31860418610568314,LPS,***,2.410955794249164e-9,0.20160628908835096,0.06753324364343961
M. gaditana,0.4350628398138466,0.3598265744620749,control,NA,NA,0.6092203221707477,0.27558184805485836
M. gaditana,0.4012221900176112,0.5072418770956635,LPS,,0.7838317248914015,0.644240886322569,0.19867929437661216
N. oculata,0.5232108212582532,0.32742340964572675,control,NA,NA,0.6758270314483285,0.36613362147128736
N. oculata,0.38838612454022714,0.4206223889885106,LPS,,0.19343633705546495,0.5915359932168891,0.2178020817723755
C. velia,0.44458787884080714,0.1466255113667887,control,NA,NA,0.5162001629364701,0.37520556019556056
C. velia,0.19661967851464096,0.18719604095909748,LPS,***,2.447936885006002e-10,0.2610240764925962,0.1449884156064884
